ts,route_id,price,carrier,stops,duration_min,outbound_stops,outbound_duration_min,outbound_depart,outbound_arrive,return_stops,return_duration_min,return_depart,return_arrive,return_routing,full_read,provider,currency
2026-09-12T06:45:04.958444+00:00,fri14_sun23_hnd_kix,1323.0,United,1,1475,1,860,,,0,615,,,KIX-SFO,True,serpapi,USD
2026-09-12T06:45:04.958444+00:00,thu13_sun23_hnd_kix,1323.0,United,1,1475,1,860,,,0,615,,,KIX-SFO,True,serpapi,USD
2026-09-12T06:45:04.958444+00:00,fri14_mon24_hnd_kix,1315.0,United out / Philippine Airlines back,1,2175,1,860,,,1,1315,,,KIX-MNL-SFO,True,serpapi,USD
2026-09-12T06:45:04.958444+00:00,fri14_sun23_rt_hnd,1312.0,United,,,1,860,,,,,,,,False,serpapi,USD
2026-09-12T06:45:04.958444+00:00,fri14_sun23_rt_hnd_ns,1626.0,United,0,1275,0,690,,,0,585,,,HND-SFO,True,serpapi,USD
2026-09-12T06:45:04.958444+00:00,fri14_sun23_hnd_kix_ns,1579.0,United,0,1305,0,690,,,0,615,,,KIX-SFO,True,serpapi,USD
2026-09-12T06:45:04.958444+00:00,thu13_sun23_hnd_kix_ns,1369.0,United,0,1305,0,690,,,0,615,,,KIX-SFO,True,serpapi,USD
2026-09-12T06:45:04.958444+00:00,fri14_mon24_hnd_kix_ns,1579.0,United,0,1305,0,690,,,0,615,,,KIX-SFO,True,serpapi,USD
2026-09-13T17:22:47.856000+00:00,fri14_sun23_hnd_kix,1323.0,United,1,1475,1,860,2027-05-14 08:45,2027-05-15 15:05,0,615,2027-05-23 16:55,2027-05-23 11:10,KIX-SFO,True,serpapi,USD
2026-09-13T17:22:47.856000+00:00,thu13_sun23_hnd_kix,1323.0,United,1,1475,1,860,2027-05-13 08:45,2027-05-14 15:05,0,615,2027-05-23 16:55,2027-05-23 11:10,KIX-SFO,True,serpapi,USD
2026-09-13T17:22:47.856000+00:00,fri14_mon24_hnd_kix,1321.0,United out / Philippine Airlines back,1,2175,1,860,2027-05-14 08:45,2027-05-15 15:05,1,1315,2027-05-24 15:15,2027-05-24 21:10,KIX-MNL-SFO,True,serpapi,USD
2026-09-13T17:22:47.856000+00:00,fri14_sun23_rt_hnd,1312.0,United,,,1,860,2027-05-14 08:45,2027-05-15 15:05,,,,,,False,serpapi,USD
2026-09-13T17:22:47.856000+00:00,fri14_sun23_rt_hnd_ns,1577.0,United,0,1275,0,690,2027-05-14 10:25,2027-05-15 13:55,0,585,2027-05-23 15:50,2027-05-23 09:35,HND-SFO,True,serpapi,USD
2026-09-13T17:22:47.856000+00:00,fri14_sun23_hnd_kix_ns,1530.0,United,0,1305,0,690,2027-05-14 10:25,2027-05-15 13:55,0,615,2027-05-23 16:55,2027-05-23 11:10,KIX-SFO,True,serpapi,USD
2026-09-13T17:22:47.856000+00:00,thu13_sun23_hnd_kix_ns,1369.0,United,0,1305,0,690,2027-05-13 10:25,2027-05-14 13:55,0,615,2027-05-23 16:55,2027-05-23 11:10,KIX-SFO,True,serpapi,USD
2026-09-13T17:22:47.856000+00:00,fri14_mon24_hnd_kix_ns,1530.0,United,0,1305,0,690,2027-05-14 10:25,2027-05-15 13:55,0,615,2027-05-24 16:55,2027-05-24 11:10,KIX-SFO,True,serpapi,USD
2026-09-15T18:07:49.163011+00:00,fri14_sun23_hnd_kix,1323.0,United,1,1475,1,860,2027-05-14 08:45,2027-05-15 15:05,0,615,2027-05-23 16:55,2027-05-23 11:10,KIX-SFO,True,serpapi,USD
2026-09-15T18:07:49.163011+00:00,thu13_sun23_hnd_kix,1323.0,United,1,1475,1,860,2027-05-13 08:45,2027-05-14 15:05,0,615,2027-05-23 16:55,2027-05-23 11:10,KIX-SFO,True,serpapi,USD
2026-09-15T18:07:49.163011+00:00,fri14_mon24_hnd_kix,1323.0,United,1,1475,1,860,2027-05-14 08:45,2027-05-15 15:05,0,615,2027-05-24 16:55,2027-05-24 11:10,KIX-SFO,True,serpapi,USD
2026-09-15T18:07:49.163011+00:00,fri14_sun23_rt_hnd,1312.0,United,,,1,860,2027-05-14 08:45,2027-05-15 15:05,,,,,,False,serpapi,USD
2026-09-15T18:07:49.163011+00:00,fri14_sun23_rt_hnd_ns,1577.0,United,0,1275,0,690,2027-05-14 10:25,2027-05-15 13:55,0,585,2027-05-23 15:50,2027-05-23 09:35,HND-SFO,True,serpapi,USD
2026-09-15T18:07:49.163011+00:00,fri14_sun23_hnd_kix_ns,1530.0,United,0,1305,0,690,2027-05-14 10:25,2027-05-15 13:55,0,615,2027-05-23 16:55,2027-05-23 11:10,KIX-SFO,True,serpapi,USD
2026-09-15T18:07:49.163011+00:00,thu13_sun23_hnd_kix_ns,1369.0,United,0,1305,0,690,2027-05-13 10:25,2027-05-14 13:55,0,615,2027-05-23 16:55,2027-05-23 11:10,KIX-SFO,True,serpapi,USD
2026-09-15T18:07:49.163011+00:00,fri14_mon24_hnd_kix_ns,1530.0,United,0,1305,0,690,2027-05-14 10:25,2027-05-15 13:55,0,615,2027-05-24 16:55,2027-05-24 11:10,KIX-SFO,True,serpapi,USD
2026-09-17T18:08:57.670834+00:00,fri14_sun23_hnd_kix,1323.0,United,1,1475,1,860,2027-05-14 08:45,2027-05-15 15:05,0,615,2027-05-23 16:55,2027-05-23 11:10,KIX-SFO,True,serpapi,USD
2026-09-17T18:08:57.670834+00:00,thu13_sun23_hnd_kix,1323.0,United,1,1475,1,860,2027-05-13 08:45,2027-05-14 15:05,0,615,2027-05-23 16:55,2027-05-23 11:10,KIX-SFO,True,serpapi,USD
2026-09-17T18:08:57.670834+00:00,fri14_mon24_hnd_kix,1323.0,United,1,1475,1,860,2027-05-14 08:45,2027-05-15 15:05,0,615,2027-05-24 16:55,2027-05-24 11:10,KIX-SFO,True,serpapi,USD
2026-09-17T18:08:57.670834+00:00,fri14_sun23_rt_hnd,1311.0,United,,,1,860,2027-05-14 08:45,2027-05-15 15:05,,,,,,False,serpapi,USD
2026-09-17T18:08:57.670834+00:00,fri14_sun23_rt_hnd_ns,1672.0,United,0,1275,0,690,2027-05-14 10:25,2027-05-15 13:55,0,585,2027-05-23 15:50,2027-05-23 09:35,HND-SFO,True,serpapi,USD
2026-09-17T18:08:57.670834+00:00,fri14_sun23_hnd_kix_ns,1625.0,United,0,1305,0,690,2027-05-14 10:25,2027-05-15 13:55,0,615,2027-05-23 16:55,2027-05-23 11:10,KIX-SFO,True,serpapi,USD
2026-09-17T18:08:57.670834+00:00,thu13_sun23_hnd_kix_ns,1369.0,United,0,1305,0,690,2027-05-13 10:25,2027-05-14 13:55,0,615,2027-05-23 16:55,2027-05-23 11:10,KIX-SFO,True,serpapi,USD
2026-09-17T18:08:57.670834+00:00,fri14_mon24_hnd_kix_ns,1625.0,United,0,1305,0,690,2027-05-14 10:25,2027-05-15 13:55,0,615,2027-05-24 16:55,2027-05-24 11:10,KIX-SFO,True,serpapi,USD
2026-09-19T17:12:44.289223+00:00,fri14_sun23_hnd_kix,1323.0,United,1,1475,1,860,2027-05-14 08:45,2027-05-15 15:05,0,615,2027-05-23 16:55,2027-05-23 11:10,KIX-SFO,True,serpapi,USD
2026-09-19T17:12:44.289223+00:00,thu13_sun23_hnd_kix,1323.0,United,1,1475,1,860,2027-05-13 08:45,2027-05-14 15:05,0,615,2027-05-23 16:55,2027-05-23 11:10,KIX-SFO,True,serpapi,USD
2026-09-19T17:12:44.289223+00:00,fri14_mon24_hnd_kix,1323.0,United,1,1475,1,860,2027-05-14 08:45,2027-05-15 15:05,0,615,2027-05-24 16:55,2027-05-24 11:10,KIX-SFO,True,serpapi,USD
2026-09-19T17:12:44.289223+00:00,fri14_sun23_rt_hnd,1311.0,United,,,1,860,2027-05-14 08:45,2027-05-15 15:05,,,,,,False,serpapi,USD
2026-09-19T17:12:44.289223+00:00,fri14_sun23_rt_hnd_ns,1663.0,United,0,1275,0,690,2027-05-14 10:25,2027-05-15 13:55,0,585,2027-05-23 15:50,2027-05-23 09:35,HND-SFO,True,serpapi,USD
2026-09-19T17:12:44.289223+00:00,fri14_sun23_hnd_kix_ns,1616.0,United,0,1305,0,690,2027-05-14 10:25,2027-05-15 13:55,0,615,2027-05-23 16:55,2027-05-23 11:10,KIX-SFO,True,serpapi,USD
2026-09-19T17:12:44.289223+00:00,thu13_sun23_hnd_kix_ns,1368.0,United,0,1305,0,690,2027-05-13 10:25,2027-05-14 13:55,0,615,2027-05-23 16:55,2027-05-23 11:10,KIX-SFO,True,serpapi,USD
2026-09-19T17:12:44.289223+00:00,fri14_mon24_hnd_kix_ns,1616.0,United,0,1305,0,690,2027-05-14 10:25,2027-05-15 13:55,0,615,2027-05-24 16:55,2027-05-24 11:10,KIX-SFO,True,serpapi,USD
2026-09-21T19:19:44.446573+00:00,fri14_sun23_hnd_kix,1323.0,United,1,1475,1,860,2027-05-14 08:45,2027-05-15 15:05,0,615,2027-05-23 16:55,2027-05-23 11:10,KIX-SFO,True,serpapi,USD
2026-09-21T19:19:44.446573+00:00,thu13_sun23_hnd_kix,1323.0,United,1,1475,1,860,2027-05-13 08:45,2027-05-14 15:05,0,615,2027-05-23 16:55,2027-05-23 11:10,KIX-SFO,True,serpapi,USD
2026-09-21T19:19:44.446573+00:00,fri14_mon24_hnd_kix,1323.0,United,1,1475,1,860,2027-05-14 08:45,2027-05-15 15:05,0,615,2027-05-24 16:55,2027-05-24 11:10,KIX-SFO,True,serpapi,USD
2026-09-21T19:19:44.446573+00:00,fri14_sun23_rt_hnd,1330.0,United,,,1,860,2027-05-14 08:45,2027-05-15 15:05,,,,,,False,serpapi,USD
2026-09-21T19:19:44.446573+00:00,fri14_sun23_rt_hnd_ns,1654.0,United,0,1275,0,690,2027-05-14 10:25,2027-05-15 13:55,0,585,2027-05-23 15:50,2027-05-23 09:35,HND-SFO,True,serpapi,USD
2026-09-21T19:19:44.446573+00:00,fri14_sun23_hnd_kix_ns,1607.0,United,0,1305,0,690,2027-05-14 10:25,2027-05-15 13:55,0,615,2027-05-23 16:55,2027-05-23 11:10,KIX-SFO,True,serpapi,USD
2026-09-21T19:19:44.446573+00:00,thu13_sun23_hnd_kix_ns,1368.0,United,0,1305,0,690,2027-05-13 10:25,2027-05-14 13:55,0,615,2027-05-23 16:55,2027-05-23 11:10,KIX-SFO,True,serpapi,USD
2026-09-21T19:19:44.446573+00:00,fri14_mon24_hnd_kix_ns,1607.0,United,0,1305,0,690,2027-05-14 10:25,2027-05-15 13:55,0,615,2027-05-24 16:55,2027-05-24 11:10,KIX-SFO,True,serpapi,USD
2026-09-23T18:22:04.932637+00:00,fri14_sun23_hnd_kix,1322.0,United,1,1475,1,860,2027-05-14 08:45,2027-05-15 15:05,0,615,2027-05-23 16:55,2027-05-23 11:10,KIX-SFO,True,serpapi,USD
2026-09-23T18:22:04.932637+00:00,thu13_sun23_hnd_kix,1322.0,United,1,1475,1,860,2027-05-13 08:45,2027-05-14 15:05,0,615,2027-05-23 16:55,2027-05-23 11:10,KIX-SFO,True,serpapi,USD
2026-09-23T18:22:04.932637+00:00,fri14_mon24_hnd_kix,1322.0,United,1,1475,1,860,2027-05-14 08:45,2027-05-15 15:05,0,615,2027-05-24 16:55,2027-05-24 11:10,KIX-SFO,True,serpapi,USD
2026-09-23T18:22:04.932637+00:00,fri14_sun23_rt_hnd,1330.0,United,,,1,860,2027-05-14 08:45,2027-05-15 15:05,,,,,,False,serpapi,USD
2026-09-23T18:22:04.932637+00:00,fri14_sun23_rt_hnd_ns,1654.0,United,0,1275,0,690,2027-05-14 10:25,2027-05-15 13:55,0,585,2027-05-23 15:50,2027-05-23 09:35,HND-SFO,True,serpapi,USD
2026-09-23T18:22:04.932637+00:00,fri14_sun23_hnd_kix_ns,1607.0,United,0,1305,0,690,2027-05-14 10:25,2027-05-15 13:55,0,615,2027-05-23 16:55,2027-05-23 11:10,KIX-SFO,True,serpapi,USD
2026-09-23T18:22:04.932637+00:00,thu13_sun23_hnd_kix_ns,1368.0,United,0,1305,0,690,2027-05-13 10:25,2027-05-14 13:55,0,615,2027-05-23 16:55,2027-05-23 11:10,KIX-SFO,True,serpapi,USD
2026-09-23T18:22:04.932637+00:00,fri14_mon24_hnd_kix_ns,1607.0,United,0,1305,0,690,2027-05-14 10:25,2027-05-15 13:55,0,615,2027-05-24 16:55,2027-05-24 11:10,KIX-SFO,True,serpapi,USD
2026-09-25T18:30:45.905476+00:00,thu13_sun23_hnd_kix,1491.0,ANA/United out / United back,1,1815,1,1200,2027-05-13 07:00,2027-05-14 19:00,0,615,2027-05-23 16:55,2027-05-23 11:10,KIX-SFO,True,serpapi,USD
2026-09-25T18:30:45.905476+00:00,fri14_mon24_hnd_kix,1491.0,United,1,1475,1,860,2027-05-14 08:45,2027-05-15 15:05,0,615,2027-05-24 16:55,2027-05-24 11:10,KIX-SFO,True,serpapi,USD
2026-09-25T18:30:45.905476+00:00,fri14_sun23_rt_hnd,1697.0,American,,,1,935,2027-05-14 08:15,2027-05-15 15:50,,,,,,False,serpapi,USD
2026-09-25T18:30:45.905476+00:00,fri14_sun23_rt_hnd_ns,1782.0,JAL,0,1230,0,670,2027-05-14 11:55,2027-05-15 15:05,0,560,2027-05-23 16:20,2027-05-23 09:40,HND-SFO,True,serpapi,USD
2026-09-25T18:30:45.905476+00:00,fri14_sun23_hnd_kix_ns,1737.0,United,0,1305,0,690,2027-05-14 10:25,2027-05-15 13:55,0,615,2027-05-23 16:55,2027-05-23 11:10,KIX-SFO,True,serpapi,USD
2026-09-25T18:30:45.905476+00:00,thu13_sun23_hnd_kix_ns,1537.0,United,0,1305,0,690,2027-05-13 10:25,2027-05-14 13:55,0,615,2027-05-23 16:55,2027-05-23 11:10,KIX-SFO,True,serpapi,USD
2026-09-25T18:30:45.905476+00:00,fri14_mon24_hnd_kix_ns,1631.0,United,0,1305,0,690,2027-05-14 10:25,2027-05-15 13:55,0,615,2027-05-24 16:55,2027-05-24 11:10,KIX-SFO,True,serpapi,USD
2026-09-27T18:18:05.002603+00:00,thu13_sun23_hnd_kix,1491.0,ANA/United out / United back,1,1815,1,1200,2027-05-13 07:00,2027-05-14 19:00,0,615,2027-05-23 16:55,2027-05-23 11:10,KIX-SFO,True,serpapi,USD
2026-09-27T18:18:05.002603+00:00,fri14_mon24_hnd_kix,1491.0,United,1,1475,1,860,2027-05-14 08:45,2027-05-15 15:05,0,615,2027-05-24 16:55,2027-05-24 11:10,KIX-SFO,True,serpapi,USD
2026-09-27T18:18:05.002603+00:00,fri14_sun23_rt_hnd,1697.0,American,,,1,935,2027-05-14 08:15,2027-05-15 15:50,,,,,,False,serpapi,USD
2026-09-27T18:18:05.002603+00:00,fri14_sun23_rt_hnd_ns,1782.0,JAL,0,1230,0,670,2027-05-14 11:55,2027-05-15 15:05,0,560,2027-05-23 16:20,2027-05-23 09:40,HND-SFO,True,serpapi,USD
2026-09-27T18:18:05.002603+00:00,fri14_sun23_hnd_kix_ns,1736.0,United,0,1305,0,690,2027-05-14 10:25,2027-05-15 13:55,0,615,2027-05-23 16:55,2027-05-23 11:10,KIX-SFO,True,serpapi,USD
2026-09-27T18:18:05.002603+00:00,thu13_sun23_hnd_kix_ns,1536.0,United,0,1305,0,690,2027-05-13 10:25,2027-05-14 13:55,0,615,2027-05-23 16:55,2027-05-23 11:10,KIX-SFO,True,serpapi,USD
2026-09-27T18:18:05.002603+00:00,fri14_mon24_hnd_kix_ns,1631.0,United,0,1305,0,690,2027-05-14 10:25,2027-05-15 13:55,0,615,2027-05-24 16:55,2027-05-24 11:10,KIX-SFO,True,serpapi,USD
2026-09-29T19:20:01.184430+00:00,thu13_sun23_hnd_kix,1491.0,United,1,1475,1,860,2027-05-13 08:45,2027-05-14 15:05,0,615,2027-05-23 16:55,2027-05-23 11:10,KIX-SFO,True,serpapi,USD
2026-09-29T19:20:01.184430+00:00,fri14_mon24_hnd_kix,1491.0,United,1,1475,1,860,2027-05-14 08:45,2027-05-15 15:05,0,615,2027-05-24 16:55,2027-05-24 11:10,KIX-SFO,True,serpapi,USD
2026-09-29T19:20:01.184430+00:00,fri14_sun23_rt_hnd,1697.0,American,,,1,935,2027-05-14 08:15,2027-05-15 15:50,,,,,,False,serpapi,USD
2026-09-29T19:20:01.184430+00:00,fri14_sun23_rt_hnd_ns,1783.0,JAL,0,1230,0,670,2027-05-14 11:55,2027-05-15 15:05,0,560,2027-05-23 16:20,2027-05-23 09:40,HND-SFO,True,serpapi,USD
2026-09-29T19:20:01.184430+00:00,fri14_sun23_hnd_kix_ns,1737.0,United,0,1305,0,690,2027-05-14 10:25,2027-05-15 13:55,0,615,2027-05-23 16:55,2027-05-23 11:10,KIX-SFO,True,serpapi,USD
2026-09-29T19:20:01.184430+00:00,thu13_sun23_hnd_kix_ns,1537.0,United,0,1305,0,690,2027-05-13 10:25,2027-05-14 13:55,0,615,2027-05-23 16:55,2027-05-23 11:10,KIX-SFO,True,serpapi,USD
2026-09-29T19:20:01.184430+00:00,fri14_mon24_hnd_kix_ns,1633.0,United,0,1305,0,690,2027-05-14 10:25,2027-05-15 13:55,0,615,2027-05-24 16:55,2027-05-24 11:10,KIX-SFO,True,serpapi,USD
2026-10-01T19:28:21.643811+00:00,fri14_sun23_hnd_kix,1595.0,Alaska/JAL out / China Airlines back,1,1920,1,910,2027-05-14 10:15,2027-05-15 17:25,1,1010,2027-05-23 19:05,2027-05-23 19:55,KIX-TPE-SFO,True,serpapi,USD
2026-10-01T19:28:21.643811+00:00,thu13_sun23_hnd_kix,1492.0,United,1,1475,1,860,2027-05-13 08:45,2027-05-14 15:05,0,615,2027-05-23 16:55,2027-05-23 11:10,KIX-SFO,True,serpapi,USD
2026-10-01T19:28:21.643811+00:00,fri14_mon24_hnd_kix,1492.0,United,1,1475,1,860,2027-05-14 08:45,2027-05-15 15:05,0,615,2027-05-24 16:55,2027-05-24 11:10,KIX-SFO,True,serpapi,USD
2026-10-01T19:28:21.643811+00:00,fri14_sun23_rt_hnd,1697.0,American,,,1,935,2027-05-14 08:15,2027-05-15 15:50,,,,,,False,serpapi,USD
2026-10-01T19:28:21.643811+00:00,fri14_sun23_rt_hnd_ns,1783.0,JAL,0,1230,0,670,2027-05-14 11:55,2027-05-15 15:05,0,560,2027-05-23 16:20,2027-05-23 09:40,HND-SFO,True,serpapi,USD
2026-10-01T19:28:21.643811+00:00,fri14_sun23_hnd_kix_ns,1737.0,United,0,1305,0,690,2027-05-14 10:25,2027-05-15 13:55,0,615,2027-05-23 16:55,2027-05-23 11:10,KIX-SFO,True,serpapi,USD
2026-10-01T19:28:21.643811+00:00,thu13_sun23_hnd_kix_ns,1537.0,United,0,1305,0,690,2027-05-13 10:25,2027-05-14 13:55,0,615,2027-05-23 16:55,2027-05-23 11:10,KIX-SFO,True,serpapi,USD
2026-10-01T19:28:21.643811+00:00,fri14_mon24_hnd_kix_ns,1634.0,United,0,1305,0,690,2027-05-14 10:25,2027-05-15 13:55,0,615,2027-05-24 16:55,2027-05-24 11:10,KIX-SFO,True,serpapi,USD
2026-10-03T17:53:31.380913+00:00,thu13_sun23_hnd_kix,1491.0,United,1,1475,1,860,2027-05-13 08:45,2027-05-14 15:05,0,615,2027-05-23 16:55,2027-05-23 11:10,KIX-SFO,True,serpapi,USD
2026-10-03T17:53:31.380913+00:00,fri14_mon24_hnd_kix,1491.0,United,1,1565,1,950,2027-05-14 07:15,2027-05-15 15:05,0,615,2027-05-24 16:55,2027-05-24 11:10,KIX-SFO,True,serpapi,USD
2026-10-03T17:53:31.380913+00:00,fri14_sun23_rt_hnd,1680.0,United,,,1,860,2027-05-14 08:45,2027-05-15 15:05,,,,,,False,serpapi,USD
2026-10-03T17:53:31.380913+00:00,fri14_sun23_rt_hnd_ns,1783.0,JAL,0,1230,0,670,2027-05-14 11:55,2027-05-15 15:05,0,560,2027-05-23 16:20,2027-05-23 09:40,HND-SFO,True,serpapi,USD
2026-10-03T17:53:31.380913+00:00,fri14_sun23_hnd_kix_ns,1813.0,United,0,1305,0,690,2027-05-14 10:25,2027-05-15 13:55,0,615,2027-05-23 16:55,2027-05-23 11:10,KIX-SFO,True,serpapi,USD
2026-10-03T17:53:31.380913+00:00,thu13_sun23_hnd_kix_ns,1537.0,United,0,1305,0,690,2027-05-13 10:25,2027-05-14 13:55,0,615,2027-05-23 16:55,2027-05-23 11:10,KIX-SFO,True,serpapi,USD
2026-10-03T17:53:31.380913+00:00,fri14_mon24_hnd_kix_ns,1713.0,United,0,1305,0,690,2027-05-14 10:25,2027-05-15 13:55,0,615,2027-05-24 16:55,2027-05-24 11:10,KIX-SFO,True,serpapi,USD
2026-10-05T21:27:19.778143+00:00,fri14_sun23_hnd_kix,1702.0,Alaska/JAL out / JAL back,1,2045,1,910,2027-05-14 10:15,2027-05-15 17:25,1,1135,2027-05-23 06:45,2027-05-23 09:40,KIX-HND-SFO,True,serpapi,USD
2026-10-05T21:27:19.778143+00:00,thu13_sun23_hnd_kix,1491.0,United,1,1475,1,860,2027-05-13 08:45,2027-05-14 15:05,0,615,2027-05-23 16:55,2027-05-23 11:10,KIX-SFO,True,serpapi,USD
2026-10-05T21:27:19.778143+00:00,fri14_mon24_hnd_kix,1491.0,United,1,1565,1,950,2027-05-14 07:15,2027-05-15 15:05,0,615,2027-05-24 16:55,2027-05-24 11:10,KIX-SFO,True,serpapi,USD
2026-10-05T21:27:19.778143+00:00,fri14_sun23_rt_hnd,1697.0,American,,,1,935,2027-05-14 08:15,2027-05-15 15:50,,,,,,False,serpapi,USD
2026-10-05T21:27:19.778143+00:00,fri14_sun23_rt_hnd_ns,1783.0,JAL,0,1230,0,670,2027-05-14 11:55,2027-05-15 15:05,0,560,2027-05-23 16:20,2027-05-23 09:40,HND-SFO,True,serpapi,USD
2026-10-05T21:27:19.778143+00:00,fri14_sun23_hnd_kix_ns,1813.0,United,0,1305,0,690,2027-05-14 10:25,2027-05-15 13:55,0,615,2027-05-23 16:55,2027-05-23 11:10,KIX-SFO,True,serpapi,USD
2026-10-05T21:27:19.778143+00:00,thu13_sun23_hnd_kix_ns,1537.0,United,0,1305,0,690,2027-05-13 10:25,2027-05-14 13:55,0,615,2027-05-23 16:55,2027-05-23 11:10,KIX-SFO,True,serpapi,USD
2026-10-05T21:27:19.778143+00:00,fri14_mon24_hnd_kix_ns,1713.0,United,0,1305,0,690,2027-05-14 10:25,2027-05-15 13:55,0,615,2027-05-24 16:55,2027-05-24 11:10,KIX-SFO,True,serpapi,USD
2026-10-07T19:54:58.530350+00:00,thu13_sun23_hnd_kix,1491.0,United,1,1565,1,950,2027-05-13 07:15,2027-05-14 15:05,0,615,2027-05-23 16:55,2027-05-23 11:10,KIX-SFO,True,serpapi,USD
2026-10-07T19:54:58.530350+00:00,fri14_mon24_hnd_kix,1491.0,United,1,1565,1,950,2027-05-14 07:15,2027-05-15 15:05,0,615,2027-05-24 16:55,2027-05-24 11:10,KIX-SFO,True,serpapi,USD
2026-10-07T19:54:58.530350+00:00,fri14_sun23_rt_hnd,1517.0,Delta,,,1,975,2027-05-14 06:05,2027-05-15 14:20,,,,,,False,serpapi,USD
2026-10-07T19:54:58.530350+00:00,fri14_sun23_rt_hnd_ns,1747.0,United,0,1275,0,690,2027-05-14 10:25,2027-05-15 13:55,0,585,2027-05-23 15:50,2027-05-23 09:35,HND-SFO,True,serpapi,USD
2026-10-07T19:54:58.530350+00:00,fri14_sun23_hnd_kix_ns,1882.0,United,0,1305,0,690,2027-05-14 10:25,2027-05-15 13:55,0,615,2027-05-23 16:55,2027-05-23 11:10,KIX-SFO,True,serpapi,USD
2026-10-07T19:54:58.530350+00:00,thu13_sun23_hnd_kix_ns,1633.0,United,0,1305,0,690,2027-05-13 10:25,2027-05-14 13:55,0,615,2027-05-23 16:55,2027-05-23 11:10,KIX-SFO,True,serpapi,USD
2026-10-07T19:54:58.530350+00:00,fri14_mon24_hnd_kix_ns,1782.0,United,0,1305,0,690,2027-05-14 10:25,2027-05-15 13:55,0,615,2027-05-24 16:55,2027-05-24 11:10,KIX-SFO,True,serpapi,USD
2026-10-09T19:28:41.200260+00:00,thu13_sun23_hnd_kix,1491.0,United,1,1565,1,950,2027-05-13 07:15,2027-05-14 15:05,0,615,2027-05-23 16:55,2027-05-23 11:10,KIX-SFO,True,serpapi,USD
2026-10-09T19:28:41.200260+00:00,fri14_mon24_hnd_kix,1491.0,United,1,1640,1,1025,2027-05-14 06:00,2027-05-15 15:05,0,615,2027-05-24 16:55,2027-05-24 11:10,KIX-SFO,True,serpapi,USD
2026-10-09T19:28:41.200260+00:00,fri14_sun23_rt_hnd,1517.0,Delta,,,1,975,2027-05-14 06:05,2027-05-15 14:20,,,,,,False,serpapi,USD
2026-10-09T19:28:41.200260+00:00,fri14_sun23_rt_hnd_ns,1748.0,United,0,1275,0,690,2027-05-14 10:25,2027-05-15 13:55,0,585,2027-05-23 15:50,2027-05-23 09:35,HND-SFO,True,serpapi,USD
2026-10-09T19:28:41.200260+00:00,fri14_sun23_hnd_kix_ns,1883.0,United,0,1305,0,690,2027-05-14 10:25,2027-05-15 13:55,0,615,2027-05-23 16:55,2027-05-23 11:10,KIX-SFO,True,serpapi,USD
2026-10-09T19:28:41.200260+00:00,thu13_sun23_hnd_kix_ns,1631.0,United,0,1305,0,690,2027-05-13 10:25,2027-05-14 13:55,0,615,2027-05-23 16:55,2027-05-23 11:10,KIX-SFO,True,serpapi,USD
2026-10-09T19:28:41.200260+00:00,fri14_mon24_hnd_kix_ns,1783.0,United,0,1305,0,690,2027-05-14 10:25,2027-05-15 13:55,0,615,2027-05-24 16:55,2027-05-24 11:10,KIX-SFO,True,serpapi,USD
